,Name,Curve,Filter,Inc,Q,Omega1,Omega2,T2/T1,pred_inc,pred_q,pred_omega1,pred_omega2,pred_t2_t1
40,AH Aur,"[0.6897, 0.6901, 0.6904, 0.691, 0.6916, 0.6925, 0.6936, 0.695, 0.6966, 0.6985, 0.7005, 0.7026, 0.7047, 0.7067, 0.7086, 0.7107, 0.7131, 0.7161, 0.7199, 0.7246, 0.7302, 0.7364, 0.7432, 0.7502, 0.7574, 0.7645, 0.7714, 0.7779, 0.7839, 0.7891, 0.7936, 0.7977, 0.8016, 0.8054, 0.8095, 0.8139, 0.8184, 0.823, 0.8276, 0.8319, 0.8361, 0.8403, 0.8446, 0.8494, 0.8547, 0.8608, 0.8674, 0.874, 0.8805, 0.8865, 0.8916, 0.896, 0.9001, 0.9042, 0.9085, 0.9135, 0.919, 0.9247, 0.9301, 0.935, 0.9388, 0.9417, 0.9437, 0.9452, 0.9466, 0.9482, 0.95, 0.9521, 0.9544, 0.9566, 0.9587, 0.9607, 0.9625, 0.9642, 0.9659, 0.9678, 0.9699, 0.9721, 0.9745, 0.9771, 0.9798, 0.9825, 0.9853, 0.988, 0.9904, 0.9925, 0.9942, 0.9953, 0.9961, 0.9967, 0.9972, 0.9976, 0.9982, 0.9987, 0.9992, 0.9996, 0.9999, 1.0, 0.9999, 0.9996, 0.9991, 0.9985, 0.9978, 0.9969, 0.9959, 0.9949, 0.9939, 0.9928, 0.9917, 0.9906, 0.9894, 0.9881, 0.9866, 0.985, 0.9833, 0.9815, 0.9797, 0.9778, 0.976, 0.9742, 0.9723, 0.9705, 0.9686, 0.9666, 0.9645, 0.9624, 0.9602, 0.958, 0.9556, 0.9532, 0.9507, 0.948, 0.9451, 0.942, 0.9388, 0.9355, 0.9321, 0.9288, 0.9256, 0.9225, 0.9195, 0.9165, 0.9136, 0.9106, 0.9075, 0.9042, 0.9009, 0.8974, 0.8938, 0.8899, 0.8859, 0.8816, 0.8772, 0.8725, 0.8677, 0.8628, 0.8581, 0.8538, 0.8501, 0.8473, 0.845, 0.8428, 0.8399, 0.8359, 0.83, 0.8224, 0.8136, 0.8044, 0.7955, 0.7876, 0.7813, 0.7762, 0.7721, 0.7687, 0.7657, 0.7629, 0.7601, 0.7576, 0.7551, 0.7529, 0.7509, 0.749, 0.7469, 0.7444, 0.7414, 0.7377, 0.7334, 0.729, 0.7247, 0.7211, 0.7186, 0.7172, 0.7167, 0.7168, 0.7171, 0.7174, 0.7175, 0.7174, 0.7173, 0.717, 0.7169, 0.7169, 0.717, 0.7173, 0.7177, 0.7183, 0.719, 0.7199, 0.7209, 0.7222, 0.7237, 0.7255, 0.7275, 0.7297, 0.7319, 0.7341, 0.7362, 0.7383, 0.7406, 0.7434, 0.747, 0.7515, 0.7573, 0.7639, 0.7712, 0.7789, 0.7868, 0.7945, 0.8019, 0.8087, 0.8147, 0.8196, 0.8233, 0.8261, 0.8285, 0.831, 0.8341, 0.8383, 0.8436, 0.8495, 0.8555, 0.8612, 0.8661, 0.8702, 0.8736, 0.8767, 0.8797, 0.883, 0.8867, 0.8907, 0.8948, 0.899, 0.9031, 0.9069, 0.9105, 0.914, 0.9174, 0.9208, 0.9243, 0.9278, 0.9312, 0.9345, 0.9376, 0.9404, 0.943, 0.9454, 0.9478, 0.95, 0.9524, 0.9547, 0.9572, 0.9596, 0.962, 0.9643, 0.9666, 0.9688, 0.9709, 0.973, 0.975, 0.977, 0.979, 0.9809, 0.9828, 0.9846, 0.9864, 0.9881, 0.9897, 0.9912, 0.9927, 0.994, 0.9953, 0.9965, 0.9974, 0.9982, 0.9988, 0.9991, 0.9992, 0.9993, 0.9993, 0.9994, 0.9996, 0.9997, 0.9998, 0.9997, 0.9993, 0.9987, 0.9977, 0.9967, 0.9955, 0.9944, 0.9934, 0.9925, 0.9915, 0.9906, 0.9896, 0.9884, 0.987, 0.9855, 0.9838, 0.982, 0.98, 0.9778, 0.9754, 0.973, 0.9705, 0.9679, 0.9652, 0.9626, 0.9598, 0.957, 0.9542, 0.9513, 0.9483, 0.9452, 0.9419, 0.9385, 0.9349, 0.9312, 0.9275, 0.9237, 0.9201, 0.9167, 0.9135, 0.9104, 0.9072, 0.9039, 0.9004, 0.8965, 0.8923, 0.8878, 0.883, 0.8778, 0.8723, 0.8668, 0.8617, 0.8574, 0.854, 0.8519, 0.8504, 0.8485, 0.8456, 0.8408, 0.8334, 0.824, 0.8135, 0.8031, 0.7938, 0.7867, 0.7817, 0.7781, 0.7753, 0.7726, 0.7691, 0.7647, 0.7596, 0.7539, 0.7481, 0.7423, 0.7367, 0.7315, 0.7265, 0.722, 0.7179, 0.7141, 0.7107, 0.7075, 0.7043, 0.701, 0.6974, 0.6939, 0.6906, 0.6877, 0.6857, 0.6847, 0.6847, 0.6853, 0.6864, 0.6875, 0.6885, 0.6891]",V,1.317025453554921,0.169,2.08,2.08,0.988093322606597,1.3464675363969205,0.2,2.1685602095154954,2.1685602095154954,0.9284846819213356
42,AKHer,"[0.6688, 0.6646, 0.6608, 0.6572, 0.6539, 0.651, 0.6485, 0.6465, 0.6451, 0.6441, 0.6436, 0.6432, 0.6429, 0.6425, 0.6419, 0.6412, 0.6407, 0.6404, 0.6407, 0.6416, 0.643, 0.6449, 0.6473, 0.6499, 0.6528, 0.656, 0.6595, 0.6634, 0.6679, 0.6729, 0.6784, 0.6845, 0.6911, 0.6981, 0.7054, 0.713, 0.7206, 0.7281, 0.7352, 0.7418, 0.7477, 0.7532, 0.7585, 0.7636, 0.7689, 0.7744, 0.7802, 0.7862, 0.7923, 0.7986, 0.8049, 0.8113, 0.8177, 0.8241, 0.8304, 0.8367, 0.8429, 0.8489, 0.8547, 0.8601, 0.865, 0.8696, 0.8739, 0.8778, 0.8816, 0.8852, 0.8888, 0.8923, 0.8957, 0.899, 0.9023, 0.9054, 0.9085, 0.9115, 0.9145, 0.9175, 0.9206, 0.9237, 0.9269, 0.9301, 0.9333, 0.9366, 0.94, 0.9433, 0.9466, 0.9497, 0.9528, 0.9557, 0.9585, 0.9611, 0.9637, 0.9661, 0.9684, 0.9706, 0.9727, 0.9748, 0.9769, 0.9789, 0.9809, 0.9827, 0.9845, 0.9861, 0.9876, 0.9888, 0.9899, 0.9907, 0.9913, 0.9917, 0.9919, 0.992, 0.9922, 0.9925, 0.993, 0.9937, 0.9946, 0.9955, 0.9964, 0.997, 0.9974, 0.9975, 0.9974, 0.9972, 0.9969, 0.9965, 0.996, 0.9953, 0.9945, 0.9935, 0.9923, 0.991, 0.9894, 0.9879, 0.9862, 0.9846, 0.983, 0.9814, 0.9797, 0.9781, 0.9764, 0.9747, 0.9729, 0.9711, 0.9693, 0.9674, 0.9656, 0.9637, 0.9619, 0.9601, 0.9584, 0.9567, 0.955, 0.9532, 0.9513, 0.9493, 0.9469, 0.9444, 0.9416, 0.9386, 0.9355, 0.9323, 0.929, 0.9256, 0.9222, 0.9187, 0.9152, 0.9117, 0.9081, 0.9044, 0.9007, 0.8969, 0.893, 0.8889, 0.8846, 0.88, 0.8752, 0.8699, 0.8644, 0.8587, 0.853, 0.8473, 0.8418, 0.8364, 0.8311, 0.8258, 0.8205, 0.8151, 0.8095, 0.8039, 0.7982, 0.7926, 0.7869, 0.7814, 0.776, 0.7708, 0.766, 0.7616, 0.7577, 0.7541, 0.751, 0.7481, 0.7455, 0.7431, 0.7409, 0.739, 0.7374, 0.7361, 0.7352, 0.7346, 0.7343, 0.7343, 0.7344, 0.7347, 0.735, 0.7355, 0.736, 0.7365, 0.737, 0.7375, 0.738, 0.7384, 0.7388, 0.7391, 0.7393, 0.7396, 0.7401, 0.7408, 0.742, 0.7437, 0.7459, 0.7484, 0.7513, 0.7543, 0.7574, 0.7606, 0.764, 0.7677, 0.7716, 0.7758, 0.7804, 0.7853, 0.7907, 0.7964, 0.8026, 0.8091, 0.8159, 0.8226, 0.8291, 0.8352, 0.8409, 0.8461, 0.851, 0.8558, 0.8605, 0.8652, 0.8701, 0.875, 0.8799, 0.885, 0.8901, 0.8953, 0.9005, 0.9055, 0.9104, 0.9151, 0.9196, 0.9237, 0.9275, 0.931, 0.9341, 0.9368, 0.9393, 0.9416, 0.9438, 0.9461, 0.9485, 0.9509, 0.9533, 0.9557, 0.9579, 0.96, 0.9619, 0.9637, 0.9655, 0.9673, 0.9691, 0.9709, 0.9727, 0.9745, 0.9763, 0.978, 0.9796, 0.9812, 0.9827, 0.9842, 0.9857, 0.9872, 0.9887, 0.9902, 0.9917, 0.9931, 0.9946, 0.996, 0.9972, 0.9983, 0.9991, 0.9996, 0.9999, 1.0, 0.9999, 0.9998, 0.9996, 0.9994, 0.9992, 0.999, 0.9988, 0.9986, 0.9984, 0.9982, 0.9978, 0.9973, 0.9965, 0.9955, 0.9943, 0.9931, 0.9917, 0.9904, 0.9891, 0.9879, 0.9865, 0.9851, 0.9835, 0.9818, 0.9799, 0.9778, 0.9757, 0.9736, 0.9715, 0.9694, 0.9673, 0.9651, 0.9628, 0.9604, 0.9578, 0.9551, 0.9522, 0.9491, 0.9459, 0.9425, 0.939, 0.9354, 0.9317, 0.928, 0.9242, 0.9204, 0.9166, 0.9129, 0.9094, 0.906, 0.9027, 0.8994, 0.8961, 0.8927, 0.8892, 0.8855, 0.8816, 0.8775, 0.873, 0.8683, 0.8632, 0.8579, 0.8524, 0.8468, 0.8411, 0.8353, 0.8295, 0.8237, 0.8178, 0.8119, 0.806, 0.8, 0.7939, 0.7875, 0.7809, 0.774, 0.7669, 0.7598, 0.7527, 0.7458, 0.7393, 0.733, 0.7269, 0.7209, 0.7148, 0.7086, 0.7023, 0.696, 0.6898, 0.6839, 0.6784, 0.6734]",V,1.4259339988793673,0.27,2.357,2.357,0.9507692307692308,1.2795234412089898,10.000000000000002,14.980516208681806,14.980516208681806,0.9512625953658248
46,ASCrB,"[0.6961, 0.6958, 0.6957, 0.6959, 0.6963, 0.697, 0.6978, 0.6986, 0.6993, 0.6999, 0.7006, 0.7015, 0.7026, 0.7042, 0.7063, 0.7088, 0.7117, 0.7149, 0.7184, 0.722, 0.7259, 0.7303, 0.7352, 0.7408, 0.7472, 0.7541, 0.7613, 0.7684, 0.7751, 0.7809, 0.786, 0.7907, 0.7951, 0.7997, 0.8046, 0.8101, 0.8158, 0.8218, 0.8278, 0.8337, 0.8393, 0.8447, 0.8499, 0.8547, 0.8594, 0.8637, 0.8679, 0.872, 0.876, 0.88, 0.884, 0.8881, 0.8923, 0.8964, 0.9005, 0.9045, 0.9085, 0.9124, 0.9163, 0.9203, 0.9244, 0.9285, 0.9326, 0.9367, 0.9406, 0.9443, 0.9479, 0.9512, 0.9543, 0.9573, 0.9602, 0.9629, 0.9655, 0.9679, 0.9703, 0.9724, 0.9744, 0.9763, 0.978, 0.9797, 0.9814, 0.983, 0.9847, 0.9864, 0.9881, 0.9897, 0.9912, 0.9927, 0.994, 0.9952, 0.9963, 0.9973, 0.9981, 0.9987, 0.9992, 0.9996, 0.9998, 1.0, 1.0, 0.9999, 0.9997, 0.9994, 0.9989, 0.9983, 0.9976, 0.9969, 0.9961, 0.9954, 0.9946, 0.9938, 0.9929, 0.9918, 0.9906, 0.9891, 0.9874, 0.9855, 0.9834, 0.9812, 0.9789, 0.9764, 0.9738, 0.971, 0.9682, 0.9652, 0.9622, 0.9592, 0.9562, 0.9532, 0.9504, 0.9477, 0.9451, 0.9427, 0.9404, 0.9383, 0.9363, 0.9344, 0.9324, 0.9302, 0.9278, 0.925, 0.922, 0.9187, 0.9152, 0.9114, 0.9074, 0.9033, 0.899, 0.8947, 0.8904, 0.8861, 0.8818, 0.8776, 0.8735, 0.8695, 0.8656, 0.8616, 0.8576, 0.8534, 0.8489, 0.844, 0.8386, 0.833, 0.8273, 0.8216, 0.8159, 0.8105, 0.8051, 0.7998, 0.7945, 0.789, 0.7834, 0.7778, 0.7722, 0.7667, 0.7615, 0.7566, 0.7519, 0.7473, 0.7428, 0.7382, 0.7335, 0.7288, 0.7244, 0.7205, 0.7173, 0.715, 0.7136, 0.7129, 0.7126, 0.7125, 0.7123, 0.7119, 0.7114, 0.7108, 0.7104, 0.7101, 0.7099, 0.71, 0.7101, 0.7103, 0.7105, 0.7107, 0.7108, 0.7108, 0.7108, 0.7107, 0.7104, 0.7102, 0.71, 0.7101, 0.7104, 0.7111, 0.7123, 0.7137, 0.7154, 0.7172, 0.7192, 0.7211, 0.7232, 0.7255, 0.7281, 0.7311, 0.7345, 0.7384, 0.7428, 0.7478, 0.7536, 0.76, 0.7668, 0.7739, 0.781, 0.7877, 0.794, 0.7998, 0.8053, 0.8108, 0.8163, 0.8222, 0.8282, 0.8344, 0.8404, 0.8462, 0.8516, 0.8564, 0.8608, 0.8649, 0.8689, 0.8727, 0.8765, 0.8802, 0.8839, 0.8876, 0.8911, 0.8946, 0.8979, 0.901, 0.9039, 0.9067, 0.9092, 0.9115, 0.9139, 0.9165, 0.9193, 0.9226, 0.9262, 0.93, 0.9338, 0.9374, 0.9406, 0.9433, 0.9456, 0.9477, 0.9497, 0.9518, 0.954, 0.9564, 0.9589, 0.9615, 0.9641, 0.9668, 0.9695, 0.9721, 0.9745, 0.9768, 0.9788, 0.9806, 0.9822, 0.9836, 0.9851, 0.9865, 0.9879, 0.9893, 0.9906, 0.9917, 0.9927, 0.9934, 0.9939, 0.9943, 0.9944, 0.9945, 0.9944, 0.9943, 0.994, 0.9936, 0.993, 0.9923, 0.9915, 0.9906, 0.9896, 0.9886, 0.9875, 0.9863, 0.9851, 0.9839, 0.9825, 0.9811, 0.9796, 0.9781, 0.9768, 0.9756, 0.9747, 0.974, 0.9732, 0.9721, 0.9704, 0.9679, 0.9645, 0.9605, 0.9561, 0.9519, 0.948, 0.9447, 0.942, 0.9396, 0.9373, 0.9348, 0.9321, 0.9291, 0.9258, 0.9222, 0.9183, 0.9143, 0.9101, 0.9058, 0.9015, 0.8973, 0.8932, 0.8891, 0.8852, 0.8813, 0.8772, 0.8731, 0.8688, 0.8643, 0.8598, 0.8551, 0.8504, 0.8457, 0.8409, 0.8359, 0.8306, 0.8249, 0.8188, 0.8124, 0.8058, 0.7992, 0.7928, 0.7868, 0.7812, 0.7762, 0.7717, 0.7678, 0.7646, 0.7619, 0.7594, 0.7565, 0.7529, 0.7482, 0.7423, 0.7355, 0.7285, 0.7217, 0.7158, 0.7111, 0.7075, 0.7048, 0.7026, 0.7007, 0.6989, 0.6971, 0.6956, 0.6944, 0.6937, 0.6937, 0.6942, 0.695, 0.696, 0.6967, 0.6971, 0.6971]",V,1.3683381335635545,0.172,2.096,2.096,0.9996923076923077,1.3838556681299166,0.2,2.168560209515495,2.168560209515495,0.9676704476439716
50,ASSer,"[0.5656, 0.565, 0.5649, 0.5655, 0.5667, 0.5683, 0.5701, 0.5718, 0.5732, 0.5744, 0.5757, 0.5775, 0.5801, 0.5839, 0.5891, 0.5959, 0.6041, 0.6137, 0.6249, 0.6373, 0.6506, 0.6641, 0.6774, 0.6896, 0.7005, 0.7102, 0.7193, 0.7283, 0.7378, 0.7483, 0.7598, 0.7718, 0.784, 0.7956, 0.8065, 0.8162, 0.8251, 0.8333, 0.841, 0.8485, 0.8558, 0.8629, 0.8696, 0.8758, 0.8813, 0.8861, 0.8903, 0.8939, 0.8969, 0.8996, 0.902, 0.9042, 0.9063, 0.9085, 0.9109, 0.9136, 0.9167, 0.92, 0.9234, 0.9269, 0.9303, 0.9336, 0.937, 0.9403, 0.9438, 0.9475, 0.9513, 0.9552, 0.959, 0.9626, 0.9658, 0.9685, 0.9709, 0.9729, 0.9748, 0.9765, 0.9783, 0.98, 0.9817, 0.9834, 0.9849, 0.9864, 0.9877, 0.9889, 0.9901, 0.9912, 0.9924, 0.9935, 0.9945, 0.9956, 0.9965, 0.9974, 0.9982, 0.9988, 0.9993, 0.9997, 0.9999, 1.0, 1.0, 0.9999, 0.9997, 0.9995, 0.9993, 0.999, 0.9988, 0.9985, 0.9981, 0.9977, 0.9973, 0.9968, 0.9963, 0.9957, 0.9951, 0.9944, 0.9937, 0.9929, 0.992, 0.9909, 0.9898, 0.9886, 0.9872, 0.9859, 0.9846, 0.9833, 0.9821, 0.9809, 0.9797, 0.9785, 0.9774, 0.9763, 0.9753, 0.9742, 0.9731, 0.9721, 0.971, 0.9698, 0.9686, 0.9672, 0.9657, 0.9641, 0.9624, 0.9606, 0.9588, 0.957, 0.9553, 0.9536, 0.9518, 0.9499, 0.9477, 0.9454, 0.9428, 0.9401, 0.9374, 0.9346, 0.9319, 0.9292, 0.9266, 0.924, 0.9214, 0.9188, 0.9162, 0.9136, 0.9111, 0.9085, 0.906, 0.9035, 0.901, 0.8984, 0.8957, 0.8929, 0.8899, 0.8869, 0.8839, 0.881, 0.8785, 0.8762, 0.8742, 0.8725, 0.8711, 0.8697, 0.8685, 0.8674, 0.8663, 0.8654, 0.8646, 0.8639, 0.8633, 0.8627, 0.8623, 0.862, 0.8617, 0.8615, 0.8614, 0.8613, 0.8611, 0.861, 0.8609, 0.8607, 0.8605, 0.8603, 0.8601, 0.8599, 0.8596, 0.8594, 0.8592, 0.859, 0.8589, 0.8589, 0.8589, 0.859, 0.8591, 0.8594, 0.8598, 0.8602, 0.8607, 0.8613, 0.8619, 0.8625, 0.8632, 0.864, 0.8649, 0.8658, 0.867, 0.8682, 0.8695, 0.8709, 0.8723, 0.8737, 0.8752, 0.8767, 0.8783, 0.88, 0.8817, 0.8835, 0.8854, 0.8873, 0.8891, 0.891, 0.8928, 0.8946, 0.8966, 0.8987, 0.9011, 0.9037, 0.9065, 0.9093, 0.9121, 0.9149, 0.9175, 0.9201, 0.9225, 0.9248, 0.927, 0.9291, 0.9312, 0.9331, 0.935, 0.9369, 0.9386, 0.9403, 0.942, 0.9436, 0.9452, 0.9467, 0.9482, 0.9496, 0.9511, 0.9525, 0.9539, 0.9554, 0.9568, 0.9583, 0.9597, 0.9612, 0.9626, 0.964, 0.9655, 0.9669, 0.9683, 0.9697, 0.9711, 0.9724, 0.9738, 0.9751, 0.9764, 0.9777, 0.979, 0.9802, 0.9814, 0.9826, 0.9837, 0.9847, 0.9857, 0.9864, 0.987, 0.9874, 0.9877, 0.9879, 0.988, 0.9881, 0.9883, 0.9885, 0.9886, 0.9885, 0.9884, 0.988, 0.9874, 0.9867, 0.986, 0.9852, 0.9844, 0.9837, 0.9829, 0.982, 0.981, 0.9798, 0.9785, 0.977, 0.9756, 0.9741, 0.9728, 0.9715, 0.9702, 0.9687, 0.9671, 0.9651, 0.9628, 0.9602, 0.9574, 0.9546, 0.9517, 0.949, 0.9464, 0.9438, 0.9413, 0.9387, 0.9361, 0.9336, 0.931, 0.9286, 0.9264, 0.9243, 0.9223, 0.9201, 0.9173, 0.9139, 0.9094, 0.9038, 0.8976, 0.891, 0.8843, 0.8779, 0.872, 0.8665, 0.8613, 0.8561, 0.8509, 0.8455, 0.8399, 0.8341, 0.8279, 0.8215, 0.8148, 0.808, 0.8012, 0.7947, 0.7888, 0.7836, 0.7789, 0.774, 0.7684, 0.7613, 0.7521, 0.7408, 0.7281, 0.7146, 0.7012, 0.6884, 0.6768, 0.6661, 0.6561, 0.6466, 0.6373, 0.628, 0.6188, 0.61, 0.6018, 0.5944, 0.588, 0.5826, 0.5782, 0.5747, 0.5721, 0.5703, 0.5691, 0.5685, 0.5681, 0.5678, 0.5674, 0.5667]",V,1.5044738152191122,0.312,2.498,2.492,0.662,1.209085283275033,9.999999999999998,14.9805162086818,14.9805162086818,0.9199999999999999
53,BHCas,"[0.6092, 0.6093, 0.6098, 0.6108, 0.6121, 0.6138, 0.6159, 0.6184, 0.6211, 0.6242, 0.6276, 0.6314, 0.6356, 0.6402, 0.6453, 0.6507, 0.6564, 0.6624, 0.6684, 0.6745, 0.6807, 0.6871, 0.6935, 0.7002, 0.707, 0.714, 0.7212, 0.7285, 0.7358, 0.7431, 0.7504, 0.7577, 0.765, 0.7722, 0.7795, 0.7866, 0.7936, 0.8004, 0.8068, 0.8128, 0.8184, 0.8236, 0.8286, 0.8335, 0.8383, 0.8432, 0.8482, 0.8532, 0.8581, 0.863, 0.8678, 0.8724, 0.8769, 0.8812, 0.8851, 0.8888, 0.8922, 0.8954, 0.8985, 0.9018, 0.9052, 0.9089, 0.9126, 0.9164, 0.9201, 0.9236, 0.9269, 0.93, 0.933, 0.9359, 0.9389, 0.942, 0.9451, 0.9483, 0.9514, 0.9545, 0.9575, 0.9603, 0.9631, 0.9656, 0.9681, 0.9704, 0.9726, 0.9747, 0.9767, 0.9786, 0.9804, 0.9822, 0.9839, 0.9855, 0.9871, 0.9887, 0.9902, 0.9917, 0.993, 0.9942, 0.9953, 0.9961, 0.9968, 0.9974, 0.9979, 0.9984, 0.9988, 0.9993, 0.9997, 1.0, 1.0, 0.9998, 0.9993, 0.9987, 0.9979, 0.9972, 0.9966, 0.996, 0.9954, 0.9947, 0.9938, 0.9926, 0.991, 0.9892, 0.9871, 0.9851, 0.983, 0.9811, 0.9791, 0.9772, 0.9751, 0.9729, 0.9704, 0.9677, 0.9648, 0.9618, 0.9588, 0.9558, 0.9528, 0.9498, 0.9469, 0.9438, 0.9407, 0.9375, 0.9343, 0.9309, 0.9275, 0.9241, 0.9206, 0.9171, 0.9136, 0.9101, 0.9065, 0.9028, 0.8992, 0.8954, 0.8916, 0.8876, 0.8836, 0.8794, 0.8751, 0.8708, 0.8664, 0.8619, 0.8574, 0.8529, 0.8482, 0.8435, 0.8386, 0.8336, 0.8286, 0.8235, 0.8185, 0.8135, 0.8085, 0.8036, 0.7986, 0.7936, 0.7883, 0.7828, 0.7772, 0.7715, 0.7658, 0.7602, 0.7547, 0.7494, 0.7442, 0.7391, 0.734, 0.729, 0.7241, 0.7192, 0.7146, 0.7103, 0.7063, 0.7028, 0.6995, 0.6964, 0.6935, 0.6906, 0.6878, 0.6851, 0.6829, 0.6812, 0.6802, 0.68, 0.6804, 0.6813, 0.6825, 0.6837, 0.6847, 0.6857, 0.6869, 0.6883, 0.6903, 0.6929, 0.6963, 0.7001, 0.7043, 0.7087, 0.713, 0.7173, 0.7216, 0.7259, 0.7304, 0.735, 0.7397, 0.7447, 0.7499, 0.7552, 0.7606, 0.7661, 0.7716, 0.7772, 0.7828, 0.7884, 0.7939, 0.7994, 0.8047, 0.8099, 0.8149, 0.8197, 0.8244, 0.8289, 0.8333, 0.8376, 0.8418, 0.846, 0.8501, 0.8542, 0.8582, 0.8622, 0.8661, 0.87, 0.8738, 0.8776, 0.8813, 0.885, 0.8886, 0.8921, 0.8955, 0.8989, 0.9022, 0.9054, 0.9086, 0.9117, 0.9147, 0.9177, 0.9206, 0.9235, 0.9263, 0.929, 0.9316, 0.9341, 0.9365, 0.9388, 0.9411, 0.9434, 0.9458, 0.948, 0.9503, 0.9524, 0.9543, 0.956, 0.9576, 0.9592, 0.9607, 0.9622, 0.9639, 0.9656, 0.9672, 0.9687, 0.9699, 0.9707, 0.9712, 0.9714, 0.9715, 0.9716, 0.9718, 0.972, 0.9722, 0.9724, 0.9725, 0.9723, 0.9718, 0.9711, 0.9703, 0.9694, 0.9685, 0.9675, 0.9666, 0.9656, 0.9646, 0.9634, 0.962, 0.9605, 0.9588, 0.9571, 0.9553, 0.9534, 0.9515, 0.9497, 0.9478, 0.9458, 0.9439, 0.942, 0.9399, 0.9378, 0.9355, 0.9329, 0.9301, 0.9271, 0.9239, 0.9208, 0.9177, 0.9147, 0.9117, 0.9088, 0.9058, 0.9028, 0.8996, 0.8964, 0.893, 0.8896, 0.8861, 0.8826, 0.8791, 0.8756, 0.872, 0.8686, 0.8651, 0.8617, 0.8583, 0.8549, 0.8514, 0.8478, 0.844, 0.8402, 0.8362, 0.8321, 0.8278, 0.8234, 0.8189, 0.8143, 0.8098, 0.8054, 0.8011, 0.7968, 0.7923, 0.7873, 0.7817, 0.7753, 0.7681, 0.7605, 0.7529, 0.7455, 0.7389, 0.7329, 0.7273, 0.7218, 0.7162, 0.7099, 0.703, 0.6957, 0.6881, 0.6805, 0.6733, 0.6666, 0.6604, 0.6547, 0.6492, 0.644, 0.639, 0.6343, 0.6298, 0.6257, 0.6221, 0.619, 0.6164, 0.6144, 0.6127, 0.6114, 0.6104, 0.6096]",V,1.2374384396639797,0.47,2.783,2.783,0.9440247917877204,1.2595100604852743,4.168952953498183,8.041704137183046,8.041704137183046,0.9298063344140366
57,BQAri,"[0.4692, 0.4633, 0.4581, 0.4536, 0.45, 0.447, 0.4448, 0.4433, 0.4424, 0.4423, 0.4429, 0.4443, 0.4466, 0.45, 0.4543, 0.4596, 0.4658, 0.4727, 0.4804, 0.4886, 0.4973, 0.5063, 0.5154, 0.5244, 0.5333, 0.542, 0.5507, 0.5597, 0.5691, 0.5789, 0.5894, 0.6005, 0.612, 0.624, 0.6363, 0.649, 0.6616, 0.674, 0.6858, 0.6969, 0.7069, 0.7162, 0.7247, 0.7328, 0.7405, 0.748, 0.7555, 0.7632, 0.7712, 0.7798, 0.7891, 0.7987, 0.808, 0.8165, 0.8236, 0.8287, 0.8321, 0.8345, 0.8366, 0.8393, 0.8433, 0.8487, 0.8552, 0.8621, 0.8689, 0.8751, 0.8803, 0.8848, 0.8889, 0.8928, 0.8969, 0.9014, 0.9061, 0.9111, 0.916, 0.9208, 0.9254, 0.9297, 0.9338, 0.9377, 0.9414, 0.9451, 0.9486, 0.9521, 0.9555, 0.9588, 0.9621, 0.9652, 0.9682, 0.9712, 0.974, 0.9767, 0.9792, 0.9817, 0.984, 0.9861, 0.9881, 0.99, 0.9917, 0.9933, 0.9947, 0.9959, 0.997, 0.9979, 0.9987, 0.9993, 0.9997, 0.9999, 1.0, 0.9999, 0.9997, 0.9993, 0.9988, 0.9982, 0.9976, 0.9967, 0.9957, 0.9945, 0.9931, 0.9915, 0.9898, 0.9879, 0.9859, 0.9838, 0.9816, 0.9793, 0.977, 0.9747, 0.9723, 0.97, 0.9676, 0.965, 0.9623, 0.9593, 0.9561, 0.9527, 0.9491, 0.9453, 0.9413, 0.9372, 0.933, 0.9287, 0.9244, 0.9201, 0.9159, 0.9116, 0.9072, 0.9027, 0.8979, 0.8928, 0.8876, 0.8825, 0.8775, 0.873, 0.8689, 0.8653, 0.8616, 0.8577, 0.8532, 0.8477, 0.8413, 0.8343, 0.8271, 0.8198, 0.8128, 0.8062, 0.7999, 0.7938, 0.7878, 0.7818, 0.7756, 0.7692, 0.7623, 0.7549, 0.7469, 0.7382, 0.729, 0.7194, 0.7098, 0.7004, 0.6914, 0.6827, 0.6742, 0.6657, 0.6571, 0.6481, 0.6389, 0.6295, 0.62, 0.6105, 0.6012, 0.5922, 0.5833, 0.5746, 0.5662, 0.5579, 0.5499, 0.5421, 0.5346, 0.5274, 0.5207, 0.5143, 0.5084, 0.5029, 0.4979, 0.4934, 0.4893, 0.4859, 0.4834, 0.4819, 0.4817, 0.4828, 0.4854, 0.4892, 0.4939, 0.4993, 0.5051, 0.5114, 0.5179, 0.5246, 0.5316, 0.5387, 0.5459, 0.5533, 0.5609, 0.5687, 0.5769, 0.5853, 0.5938, 0.6025, 0.611, 0.6193, 0.6273, 0.6349, 0.6424, 0.6498, 0.6571, 0.6647, 0.6723, 0.6799, 0.6875, 0.6948, 0.7019, 0.7086, 0.715, 0.7212, 0.7271, 0.7329, 0.7385, 0.744, 0.7495, 0.755, 0.7605, 0.766, 0.7715, 0.7768, 0.7817, 0.7862, 0.79, 0.7934, 0.7965, 0.7997, 0.803, 0.8069, 0.8112, 0.8158, 0.8205, 0.8252, 0.8297, 0.8338, 0.8377, 0.8414, 0.845, 0.8485, 0.8519, 0.8554, 0.8587, 0.862, 0.8652, 0.8682, 0.8712, 0.874, 0.8768, 0.8794, 0.8819, 0.8844, 0.8869, 0.8893, 0.8919, 0.8945, 0.8972, 0.8998, 0.9024, 0.9047, 0.9067, 0.9083, 0.9098, 0.911, 0.9122, 0.9135, 0.9148, 0.9161, 0.9175, 0.9187, 0.9199, 0.9209, 0.9218, 0.9225, 0.923, 0.9233, 0.9235, 0.9235, 0.9233, 0.923, 0.9226, 0.922, 0.9212, 0.9204, 0.9195, 0.9184, 0.9173, 0.9161, 0.9148, 0.9134, 0.9118, 0.9101, 0.9083, 0.9062, 0.9041, 0.9018, 0.8994, 0.8969, 0.8942, 0.8915, 0.8887, 0.8858, 0.8829, 0.8799, 0.8768, 0.8738, 0.8707, 0.8677, 0.8646, 0.8615, 0.8583, 0.8549, 0.8514, 0.8477, 0.8438, 0.8398, 0.8357, 0.8316, 0.8274, 0.8232, 0.8189, 0.8144, 0.8097, 0.8047, 0.7997, 0.7945, 0.7893, 0.7842, 0.7792, 0.7743, 0.7693, 0.7643, 0.7591, 0.7536, 0.7477, 0.7417, 0.7353, 0.7289, 0.7223, 0.7155, 0.7086, 0.7013, 0.6936, 0.6854, 0.6767, 0.6675, 0.658, 0.6481, 0.6381, 0.6279, 0.6176, 0.6073, 0.597, 0.5867, 0.5765, 0.5664, 0.5565, 0.5466, 0.5369, 0.5273, 0.5179, 0.5088, 0.5, 0.4915, 0.4835, 0.4761]",V,1.485100660521975,0.548,2.887,2.887,1.0,1.4650840639137612,1.521319082481737,4.341739566707369,4.341739566707369,0.954318769377654
59,BXDra,"[0.6071, 0.6061, 0.6056, 0.6057, 0.6063, 0.6074, 0.6086, 0.6097, 0.6104, 0.6109, 0.6113, 0.6122, 0.6137, 0.6164, 0.6203, 0.6253, 0.6311, 0.6377, 0.6447, 0.6519, 0.6593, 0.6667, 0.6742, 0.6817, 0.689, 0.6963, 0.7034, 0.7104, 0.7173, 0.7242, 0.7309, 0.7376, 0.7442, 0.7507, 0.7571, 0.7635, 0.7699, 0.7763, 0.7828, 0.7894, 0.7961, 0.8028, 0.8094, 0.8159, 0.8222, 0.8282, 0.834, 0.8397, 0.8452, 0.8507, 0.8562, 0.8617, 0.867, 0.872, 0.8767, 0.881, 0.8848, 0.8884, 0.892, 0.8958, 0.8998, 0.9042, 0.9089, 0.9137, 0.9184, 0.9231, 0.9275, 0.9316, 0.9356, 0.9394, 0.9429, 0.9464, 0.9496, 0.9526, 0.9555, 0.9581, 0.9605, 0.9628, 0.965, 0.9671, 0.9692, 0.9714, 0.9737, 0.9759, 0.978, 0.9798, 0.9812, 0.9822, 0.9829, 0.9835, 0.984, 0.9845, 0.9852, 0.9859, 0.9866, 0.9871, 0.9875, 0.9876, 0.9875, 0.9872, 0.9869, 0.9867, 0.9865, 0.9863, 0.9862, 0.9859, 0.9856, 0.9851, 0.9844, 0.9835, 0.9824, 0.9813, 0.98, 0.9787, 0.9772, 0.9755, 0.9737, 0.9715, 0.9692, 0.9667, 0.9643, 0.9621, 0.9603, 0.9588, 0.9575, 0.9558, 0.9533, 0.9496, 0.9443, 0.9379, 0.9308, 0.9238, 0.9174, 0.9123, 0.9084, 0.9055, 0.9033, 0.9012, 0.8991, 0.8966, 0.8937, 0.8905, 0.8869, 0.8829, 0.8785, 0.8739, 0.869, 0.8642, 0.8595, 0.8549, 0.8505, 0.8463, 0.8421, 0.838, 0.8338, 0.8296, 0.8253, 0.821, 0.8165, 0.8118, 0.807, 0.802, 0.7967, 0.7911, 0.7853, 0.7792, 0.7729, 0.7665, 0.76, 0.7535, 0.7472, 0.7409, 0.7347, 0.7285, 0.7223, 0.7162, 0.7101, 0.7041, 0.6983, 0.6927, 0.6873, 0.6821, 0.677, 0.6719, 0.6668, 0.6614, 0.656, 0.6508, 0.6459, 0.6417, 0.6383, 0.6359, 0.6342, 0.6331, 0.6326, 0.6323, 0.6323, 0.6325, 0.6327, 0.6331, 0.6335, 0.6339, 0.6343, 0.6348, 0.6352, 0.6357, 0.6361, 0.6367, 0.6372, 0.6379, 0.6387, 0.6397, 0.641, 0.6425, 0.6445, 0.6469, 0.6499, 0.6534, 0.6575, 0.662, 0.6668, 0.6719, 0.6771, 0.6825, 0.688, 0.6936, 0.6992, 0.7048, 0.7104, 0.7163, 0.7225, 0.7291, 0.7362, 0.7437, 0.7512, 0.7585, 0.7654, 0.7715, 0.7769, 0.7818, 0.7863, 0.7908, 0.7954, 0.8001, 0.805, 0.81, 0.8149, 0.8199, 0.8247, 0.8295, 0.8343, 0.8392, 0.8441, 0.8492, 0.8543, 0.8594, 0.8644, 0.8693, 0.874, 0.8785, 0.8829, 0.887, 0.8911, 0.895, 0.8988, 0.9025, 0.9061, 0.9095, 0.9129, 0.9162, 0.9194, 0.9226, 0.9258, 0.9291, 0.9324, 0.9359, 0.9396, 0.9435, 0.9476, 0.952, 0.9566, 0.961, 0.9652, 0.9689, 0.9719, 0.9742, 0.9762, 0.9779, 0.9796, 0.9813, 0.9833, 0.9852, 0.9871, 0.9888, 0.9904, 0.9916, 0.9927, 0.9936, 0.9945, 0.9955, 0.9965, 0.9975, 0.9984, 0.9992, 0.9998, 1.0, 1.0, 0.9997, 0.9993, 0.9988, 0.9982, 0.9976, 0.9969, 0.9961, 0.9951, 0.994, 0.9927, 0.9912, 0.9893, 0.9872, 0.9846, 0.9817, 0.9786, 0.9757, 0.9729, 0.9707, 0.969, 0.9676, 0.9664, 0.965, 0.9634, 0.9612, 0.9585, 0.9554, 0.952, 0.9483, 0.9444, 0.9403, 0.9362, 0.9322, 0.9282, 0.9245, 0.9209, 0.9175, 0.9141, 0.9106, 0.9071, 0.9033, 0.8993, 0.8948, 0.8899, 0.8844, 0.8783, 0.8719, 0.8654, 0.8592, 0.8536, 0.8487, 0.8444, 0.8406, 0.8369, 0.8332, 0.8293, 0.825, 0.8202, 0.8148, 0.8086, 0.8015, 0.7935, 0.7849, 0.7759, 0.7666, 0.7572, 0.7479, 0.7389, 0.7302, 0.722, 0.7145, 0.7077, 0.7012, 0.695, 0.6887, 0.6821, 0.675, 0.6676, 0.6599, 0.6523, 0.6448, 0.6377, 0.6311, 0.6252, 0.6203, 0.6164, 0.6137, 0.6121, 0.6112, 0.6108, 0.6104, 0.6096, 0.6085]",V,1.4276793281313616,0.29,2.33,2.33,0.9670487106017192,1.3545506985338696,0.19999999999999998,2.2140794139194133,2.2140794139194133,0.9545454545454546
62,GSC 0763-0572,"[0.6582, 0.6579, 0.658, 0.6585, 0.6593, 0.6603, 0.6614, 0.6626, 0.6638, 0.665, 0.6662, 0.6676, 0.6692, 0.6711, 0.6735, 0.6762, 0.6793, 0.6828, 0.6867, 0.691, 0.6958, 0.7011, 0.7069, 0.7132, 0.7201, 0.7275, 0.735, 0.7426, 0.75, 0.757, 0.7636, 0.7698, 0.7757, 0.7814, 0.7869, 0.7923, 0.7976, 0.8028, 0.808, 0.8132, 0.8183, 0.8235, 0.8287, 0.834, 0.8393, 0.8448, 0.8502, 0.8555, 0.8606, 0.8655, 0.8699, 0.8741, 0.878, 0.8817, 0.8855, 0.8892, 0.8931, 0.897, 0.9009, 0.9047, 0.9085, 0.9122, 0.9159, 0.9196, 0.9233, 0.927, 0.9309, 0.9347, 0.9384, 0.9421, 0.9455, 0.9487, 0.9518, 0.9548, 0.9577, 0.9607, 0.9638, 0.967, 0.9701, 0.9731, 0.9758, 0.9782, 0.9803, 0.9821, 0.9837, 0.9851, 0.9864, 0.9877, 0.9889, 0.99, 0.9911, 0.9922, 0.9932, 0.9941, 0.995, 0.9957, 0.9964, 0.997, 0.9975, 0.998, 0.9984, 0.9988, 0.9992, 0.9996, 0.9999, 1.0, 0.9998, 0.9993, 0.9985, 0.9975, 0.9964, 0.9953, 0.9944, 0.9936, 0.9928, 0.992, 0.9909, 0.9895, 0.9877, 0.9856, 0.9834, 0.9811, 0.9789, 0.9769, 0.975, 0.973, 0.9709, 0.9685, 0.9658, 0.9627, 0.9593, 0.9557, 0.952, 0.9482, 0.9445, 0.9408, 0.9373, 0.9339, 0.9309, 0.9281, 0.9255, 0.9232, 0.9211, 0.9191, 0.9171, 0.9151, 0.9128, 0.9101, 0.9069, 0.9029, 0.8984, 0.8935, 0.8885, 0.8834, 0.8785, 0.8739, 0.8694, 0.8651, 0.8609, 0.8568, 0.8528, 0.8488, 0.8446, 0.8403, 0.8357, 0.8308, 0.8257, 0.8203, 0.8149, 0.8092, 0.8035, 0.7978, 0.7919, 0.7858, 0.7797, 0.7734, 0.7671, 0.7607, 0.7543, 0.7481, 0.7419, 0.736, 0.7301, 0.7244, 0.7188, 0.7132, 0.7078, 0.7027, 0.6982, 0.6944, 0.6914, 0.6894, 0.688, 0.6871, 0.6863, 0.6855, 0.6845, 0.6835, 0.6824, 0.6814, 0.6807, 0.6802, 0.68, 0.6799, 0.6798, 0.6796, 0.6792, 0.6788, 0.6785, 0.6785, 0.679, 0.6802, 0.682, 0.6842, 0.6867, 0.6891, 0.6913, 0.6932, 0.6952, 0.6974, 0.7002, 0.7039, 0.7085, 0.714, 0.7201, 0.7267, 0.7335, 0.7404, 0.7473, 0.7541, 0.7608, 0.7672, 0.7734, 0.7793, 0.7849, 0.7904, 0.7959, 0.8013, 0.8067, 0.8122, 0.8179, 0.8238, 0.8299, 0.8363, 0.8426, 0.8488, 0.8546, 0.8599, 0.8645, 0.8686, 0.8723, 0.8759, 0.8794, 0.8831, 0.8868, 0.8905, 0.8941, 0.8975, 0.9007, 0.9036, 0.9064, 0.9092, 0.9118, 0.9146, 0.9174, 0.9203, 0.9232, 0.9262, 0.9292, 0.9323, 0.9355, 0.9387, 0.9421, 0.9455, 0.9489, 0.9524, 0.9557, 0.9588, 0.9615, 0.9639, 0.966, 0.9678, 0.9695, 0.9712, 0.973, 0.9748, 0.9767, 0.9786, 0.9804, 0.9821, 0.9837, 0.9851, 0.9865, 0.9878, 0.989, 0.9902, 0.9913, 0.9922, 0.9931, 0.9939, 0.9947, 0.9953, 0.9958, 0.9963, 0.9966, 0.9969, 0.9971, 0.9972, 0.9973, 0.9974, 0.9975, 0.9976, 0.9975, 0.9973, 0.9967, 0.9957, 0.9944, 0.9929, 0.9913, 0.9898, 0.9885, 0.9873, 0.9862, 0.9849, 0.9833, 0.9812, 0.9784, 0.9752, 0.9718, 0.9681, 0.9645, 0.9611, 0.9577, 0.9545, 0.9513, 0.9482, 0.945, 0.9418, 0.9387, 0.9357, 0.9329, 0.9303, 0.9278, 0.9251, 0.9221, 0.9186, 0.9143, 0.9091, 0.9035, 0.8976, 0.8918, 0.8863, 0.8814, 0.8769, 0.8728, 0.8689, 0.8651, 0.8613, 0.8574, 0.8533, 0.849, 0.8443, 0.8392, 0.8337, 0.8279, 0.822, 0.816, 0.8101, 0.8042, 0.7983, 0.7924, 0.7864, 0.7804, 0.7742, 0.7679, 0.7615, 0.7552, 0.7489, 0.7426, 0.7364, 0.7303, 0.7244, 0.7185, 0.7129, 0.7074, 0.7022, 0.697, 0.692, 0.6872, 0.6825, 0.6782, 0.6742, 0.6706, 0.6676, 0.6651, 0.663, 0.6613, 0.66, 0.659, 0.6583]",V,1.3555972300239958,0.23,2.267,2.267,0.9946086956521739,1.3464675363969205,0.2,2.1685602095154954,2.1685602095154954,0.9622219760544758
65,HIDra,"[0.8496, 0.8491, 0.8487, 0.8484, 0.8484, 0.8485, 0.8486, 0.8488, 0.8489, 0.849, 0.849, 0.8491, 0.8492, 0.8494, 0.8497, 0.8501, 0.8505, 0.851, 0.8515, 0.852, 0.8525, 0.853, 0.8534, 0.8539, 0.8544, 0.8549, 0.8556, 0.8566, 0.858, 0.8599, 0.8622, 0.8646, 0.8671, 0.8694, 0.8712, 0.8727, 0.8739, 0.875, 0.8764, 0.8782, 0.8804, 0.8829, 0.8855, 0.8879, 0.8898, 0.8911, 0.8919, 0.8925, 0.8931, 0.8939, 0.8951, 0.8967, 0.8987, 0.9009, 0.9033, 0.9059, 0.9085, 0.911, 0.9136, 0.916, 0.9182, 0.9203, 0.9223, 0.9241, 0.9259, 0.9276, 0.9294, 0.9312, 0.9332, 0.9354, 0.9379, 0.9407, 0.9438, 0.9469, 0.95, 0.953, 0.9557, 0.958, 0.9602, 0.9621, 0.9638, 0.9654, 0.9668, 0.9682, 0.9696, 0.971, 0.9724, 0.974, 0.9755, 0.977, 0.9783, 0.9795, 0.9804, 0.9812, 0.9818, 0.9825, 0.9832, 0.9841, 0.985, 0.9861, 0.9872, 0.9884, 0.9896, 0.9908, 0.9919, 0.9929, 0.9938, 0.9944, 0.9947, 0.9949, 0.995, 0.995, 0.9949, 0.9949, 0.9949, 0.9949, 0.9949, 0.995, 0.9951, 0.9952, 0.9952, 0.9951, 0.9949, 0.9946, 0.9941, 0.9934, 0.9927, 0.992, 0.9914, 0.9907, 0.9901, 0.9894, 0.9888, 0.9883, 0.9877, 0.987, 0.9862, 0.9852, 0.984, 0.9826, 0.981, 0.9793, 0.9775, 0.9758, 0.9742, 0.9727, 0.9711, 0.9695, 0.9678, 0.966, 0.9642, 0.9622, 0.9602, 0.9582, 0.9562, 0.9543, 0.9523, 0.9504, 0.9485, 0.9468, 0.945, 0.9432, 0.9413, 0.9391, 0.9366, 0.9339, 0.9309, 0.9279, 0.9248, 0.9219, 0.9192, 0.9166, 0.9143, 0.9121, 0.91, 0.908, 0.9062, 0.9044, 0.9026, 0.9009, 0.8991, 0.8974, 0.8956, 0.8939, 0.8922, 0.8904, 0.8887, 0.887, 0.8852, 0.8834, 0.8815, 0.8795, 0.8776, 0.8757, 0.8739, 0.8723, 0.8709, 0.8697, 0.8687, 0.8678, 0.867, 0.8664, 0.8658, 0.8652, 0.8647, 0.8641, 0.8634, 0.8627, 0.8621, 0.8615, 0.861, 0.8607, 0.8605, 0.8606, 0.8607, 0.861, 0.8614, 0.8619, 0.8625, 0.8632, 0.864, 0.8649, 0.8659, 0.867, 0.8683, 0.8696, 0.8712, 0.8729, 0.8748, 0.8767, 0.8787, 0.8808, 0.8829, 0.885, 0.8872, 0.8894, 0.8917, 0.894, 0.8964, 0.8988, 0.9012, 0.9035, 0.9056, 0.9076, 0.9096, 0.9115, 0.9135, 0.9156, 0.9178, 0.9203, 0.9228, 0.9254, 0.928, 0.9307, 0.9333, 0.936, 0.9387, 0.9414, 0.9441, 0.9467, 0.9493, 0.9519, 0.9543, 0.9565, 0.9587, 0.9607, 0.9626, 0.9645, 0.9664, 0.9683, 0.9702, 0.972, 0.9739, 0.9757, 0.9774, 0.9792, 0.9809, 0.9826, 0.9842, 0.9858, 0.9874, 0.9888, 0.9901, 0.9913, 0.9922, 0.9929, 0.9936, 0.9942, 0.9948, 0.9954, 0.9961, 0.9968, 0.9975, 0.9982, 0.9988, 0.9992, 0.9996, 0.9999, 1.0, 1.0, 0.9999, 0.9997, 0.9995, 0.9993, 0.999, 0.9989, 0.9987, 0.9986, 0.9984, 0.9981, 0.9978, 0.9974, 0.9968, 0.9962, 0.9956, 0.9949, 0.9942, 0.9934, 0.9926, 0.9919, 0.9912, 0.9905, 0.9898, 0.9891, 0.9883, 0.9874, 0.9864, 0.9854, 0.9843, 0.9831, 0.982, 0.981, 0.98, 0.9789, 0.9777, 0.9763, 0.9746, 0.9728, 0.9707, 0.9685, 0.9662, 0.9638, 0.9614, 0.959, 0.9565, 0.9541, 0.9518, 0.9494, 0.9472, 0.9449, 0.9427, 0.9405, 0.9383, 0.9362, 0.9341, 0.9322, 0.9304, 0.9287, 0.927, 0.9254, 0.9238, 0.9221, 0.9202, 0.9182, 0.916, 0.9139, 0.9117, 0.9095, 0.9074, 0.9053, 0.9033, 0.9013, 0.8993, 0.8974, 0.8955, 0.8936, 0.8917, 0.8898, 0.888, 0.8861, 0.8842, 0.8822, 0.8801, 0.878, 0.8757, 0.8735, 0.8712, 0.8689, 0.8666, 0.8644, 0.8624, 0.8604, 0.8586, 0.8569, 0.8555, 0.8541, 0.853, 0.852, 0.8511, 0.8503]",V,0.955393232541696,0.25,2.317,2.317,0.9357142857142857,0.873075511197603,9.999999999999998,14.627556097560976,14.627556097560976,0.9144518290075696
69,UVLyn,"[0.6978, 0.7005, 0.7033, 0.7059, 0.7083, 0.7105, 0.7126, 0.7149, 0.7172, 0.7199, 0.7229, 0.7263, 0.7303, 0.7348, 0.74, 0.7456, 0.7513, 0.7568, 0.7619, 0.7665, 0.7706, 0.7745, 0.7783, 0.7822, 0.7864, 0.7908, 0.7955, 0.8003, 0.8051, 0.8098, 0.8145, 0.8191, 0.8238, 0.8285, 0.8334, 0.8385, 0.8436, 0.8488, 0.8539, 0.859, 0.864, 0.8688, 0.8733, 0.8775, 0.8814, 0.8848, 0.8878, 0.8905, 0.893, 0.8953, 0.8976, 0.8998, 0.902, 0.9041, 0.906, 0.9079, 0.9098, 0.9119, 0.9143, 0.9173, 0.9211, 0.9255, 0.9304, 0.9352, 0.9397, 0.9435, 0.9464, 0.9488, 0.9507, 0.9527, 0.955, 0.9577, 0.9608, 0.964, 0.967, 0.9696, 0.9716, 0.973, 0.9741, 0.9751, 0.9761, 0.9773, 0.9787, 0.9804, 0.9823, 0.9842, 0.9862, 0.9881, 0.99, 0.9917, 0.9932, 0.9944, 0.9954, 0.9961, 0.9966, 0.9971, 0.9976, 0.9982, 0.9987, 0.9993, 0.9997, 1.0, 1.0, 0.9998, 0.9993, 0.9987, 0.9978, 0.9967, 0.9955, 0.9942, 0.9928, 0.9913, 0.9899, 0.9886, 0.9872, 0.9859, 0.9845, 0.9831, 0.9816, 0.98, 0.9785, 0.9769, 0.9753, 0.9738, 0.9722, 0.9706, 0.9688, 0.9667, 0.9645, 0.9619, 0.9592, 0.9564, 0.9535, 0.9506, 0.9477, 0.9448, 0.9418, 0.9386, 0.9352, 0.9316, 0.928, 0.9244, 0.921, 0.9179, 0.9151, 0.9125, 0.91, 0.9074, 0.9046, 0.9015, 0.8981, 0.8944, 0.8903, 0.886, 0.8815, 0.8768, 0.8719, 0.8671, 0.8624, 0.8579, 0.8537, 0.8496, 0.8457, 0.8419, 0.8383, 0.8348, 0.8313, 0.8277, 0.824, 0.8199, 0.8156, 0.8111, 0.8064, 0.8016, 0.7968, 0.792, 0.7872, 0.7825, 0.7778, 0.7733, 0.7687, 0.7643, 0.76, 0.7558, 0.7518, 0.748, 0.7444, 0.741, 0.7377, 0.7347, 0.7318, 0.7291, 0.7268, 0.7249, 0.7237, 0.7232, 0.7235, 0.7244, 0.7256, 0.7269, 0.7281, 0.7289, 0.7296, 0.7303, 0.7312, 0.7326, 0.7346, 0.7371, 0.74, 0.7432, 0.7465, 0.7497, 0.7529, 0.7559, 0.7589, 0.7619, 0.7648, 0.7678, 0.7709, 0.7742, 0.7777, 0.7815, 0.7857, 0.7902, 0.7949, 0.7998, 0.8049, 0.81, 0.8152, 0.8202, 0.825, 0.8295, 0.8334, 0.8371, 0.8405, 0.8439, 0.8474, 0.8512, 0.8553, 0.8595, 0.8639, 0.8683, 0.8727, 0.8769, 0.8809, 0.8848, 0.8885, 0.8919, 0.8951, 0.8982, 0.9011, 0.9039, 0.9068, 0.9097, 0.9126, 0.9156, 0.9186, 0.9217, 0.9249, 0.928, 0.9311, 0.9341, 0.9369, 0.9394, 0.9417, 0.9438, 0.9458, 0.9477, 0.9496, 0.9515, 0.9534, 0.9553, 0.9573, 0.9593, 0.9614, 0.9636, 0.9659, 0.9682, 0.9707, 0.9732, 0.9757, 0.9781, 0.9804, 0.9824, 0.984, 0.9853, 0.9862, 0.9868, 0.987, 0.987, 0.9867, 0.9862, 0.9857, 0.9851, 0.9846, 0.9841, 0.9836, 0.9831, 0.9825, 0.9816, 0.9806, 0.9794, 0.978, 0.9767, 0.9753, 0.9741, 0.9728, 0.9716, 0.9703, 0.969, 0.9675, 0.9659, 0.9642, 0.9626, 0.9609, 0.9593, 0.9578, 0.9563, 0.9547, 0.953, 0.9511, 0.949, 0.9467, 0.9444, 0.9419, 0.9395, 0.937, 0.9345, 0.9319, 0.9293, 0.9266, 0.9237, 0.9208, 0.9179, 0.915, 0.9122, 0.9095, 0.9069, 0.9045, 0.9021, 0.8997, 0.8975, 0.8951, 0.8926, 0.8897, 0.8864, 0.8824, 0.8778, 0.8727, 0.8674, 0.862, 0.8568, 0.8518, 0.8472, 0.843, 0.8392, 0.836, 0.8333, 0.8311, 0.829, 0.827, 0.8247, 0.8221, 0.8191, 0.8156, 0.8117, 0.8074, 0.8025, 0.7973, 0.7919, 0.7864, 0.7809, 0.7757, 0.7707, 0.7661, 0.7617, 0.7576, 0.7539, 0.7504, 0.7469, 0.7435, 0.7398, 0.7358, 0.7312, 0.7264, 0.7216, 0.717, 0.7128, 0.7093, 0.7064, 0.704, 0.7018, 0.6997, 0.6976, 0.6956, 0.6938, 0.6925, 0.692, 0.6926, 0.6942]",V,1.165879940332212,0.367,2.559,2.559,0.9653465346534653,1.161068945423192,2.9182956426748783,6.433013118704594,6.433013118704594,0.9421929786966159
71,V1128Tau,"[0.5112, 0.5091, 0.5076, 0.5066, 0.5061, 0.5058, 0.5057, 0.5057, 0.5055, 0.5053, 0.5053, 0.5057, 0.5067, 0.5086, 0.5114, 0.5151, 0.5195, 0.5244, 0.5297, 0.5352, 0.5411, 0.5474, 0.5545, 0.5623, 0.571, 0.5807, 0.5913, 0.6028, 0.6152, 0.6284, 0.6419, 0.6551, 0.6671, 0.6772, 0.6846, 0.6895, 0.6929, 0.696, 0.7, 0.706, 0.7148, 0.7257, 0.738, 0.7512, 0.7644, 0.777, 0.7889, 0.8001, 0.8103, 0.8196, 0.8279, 0.8351, 0.8415, 0.8471, 0.8519, 0.8563, 0.8601, 0.8635, 0.8668, 0.8698, 0.8729, 0.876, 0.8793, 0.8829, 0.8868, 0.8911, 0.896, 0.9011, 0.9062, 0.9111, 0.9156, 0.9196, 0.923, 0.926, 0.9286, 0.931, 0.9332, 0.9354, 0.9377, 0.9403, 0.9432, 0.9466, 0.9503, 0.9542, 0.9579, 0.9611, 0.9636, 0.9653, 0.9667, 0.9679, 0.9694, 0.9715, 0.9744, 0.9777, 0.9812, 0.9844, 0.9871, 0.9889, 0.9901, 0.9909, 0.9915, 0.9921, 0.993, 0.9942, 0.9954, 0.9967, 0.9979, 0.9988, 0.9994, 0.9998, 1.0, 0.9999, 0.9996, 0.9991, 0.9985, 0.9978, 0.997, 0.9963, 0.9955, 0.9948, 0.9939, 0.993, 0.9918, 0.9904, 0.9887, 0.987, 0.9851, 0.9832, 0.9813, 0.9794, 0.9775, 0.9755, 0.9733, 0.9711, 0.9687, 0.9661, 0.9634, 0.9606, 0.9577, 0.9547, 0.9517, 0.9486, 0.9456, 0.9427, 0.9398, 0.9369, 0.9337, 0.9301, 0.9259, 0.9211, 0.9158, 0.9102, 0.9047, 0.8995, 0.8947, 0.8905, 0.8865, 0.8828, 0.8792, 0.8756, 0.8719, 0.8681, 0.864, 0.8598, 0.8554, 0.8506, 0.8455, 0.8398, 0.8336, 0.8267, 0.8192, 0.8111, 0.8027, 0.7941, 0.7856, 0.7773, 0.7691, 0.761, 0.7529, 0.7448, 0.7364, 0.7279, 0.7192, 0.7102, 0.7011, 0.6916, 0.682, 0.6723, 0.6626, 0.6529, 0.6434, 0.634, 0.6247, 0.6153, 0.6059, 0.5961, 0.5862, 0.5764, 0.567, 0.5584, 0.551, 0.545, 0.5402, 0.5366, 0.5339, 0.532, 0.5305, 0.5294, 0.5287, 0.5281, 0.5277, 0.5274, 0.5272, 0.5275, 0.5287, 0.5311, 0.535, 0.5405, 0.5475, 0.5556, 0.5647, 0.5745, 0.5848, 0.5953, 0.6058, 0.6159, 0.6253, 0.634, 0.6421, 0.6499, 0.6579, 0.6664, 0.6757, 0.6857, 0.6962, 0.7067, 0.7172, 0.7272, 0.7368, 0.7459, 0.7547, 0.7631, 0.7711, 0.779, 0.7865, 0.7939, 0.801, 0.8081, 0.8149, 0.8216, 0.8281, 0.8345, 0.8406, 0.8465, 0.8522, 0.8577, 0.8632, 0.8686, 0.874, 0.8793, 0.8844, 0.8893, 0.8939, 0.898, 0.9018, 0.9052, 0.9085, 0.9117, 0.915, 0.9183, 0.9217, 0.9251, 0.9284, 0.9316, 0.9346, 0.9375, 0.9404, 0.9431, 0.9458, 0.9486, 0.9513, 0.9539, 0.9564, 0.9588, 0.961, 0.9631, 0.9651, 0.9669, 0.9687, 0.9705, 0.9723, 0.9739, 0.9756, 0.9771, 0.9785, 0.9798, 0.981, 0.9821, 0.9831, 0.984, 0.9848, 0.9855, 0.986, 0.9864, 0.9864, 0.9862, 0.9858, 0.9852, 0.9846, 0.9838, 0.9831, 0.9824, 0.9817, 0.981, 0.9803, 0.9795, 0.9787, 0.9777, 0.9767, 0.9754, 0.974, 0.9724, 0.9705, 0.9684, 0.9662, 0.9637, 0.9611, 0.9583, 0.9554, 0.9525, 0.9495, 0.9466, 0.9436, 0.9407, 0.9377, 0.9348, 0.9318, 0.9288, 0.9258, 0.9228, 0.9196, 0.9164, 0.9131, 0.9097, 0.9062, 0.9027, 0.8992, 0.8956, 0.892, 0.8884, 0.8847, 0.881, 0.8771, 0.8732, 0.8691, 0.8648, 0.8604, 0.8557, 0.8508, 0.8457, 0.8407, 0.8356, 0.8306, 0.8255, 0.8202, 0.8144, 0.808, 0.8006, 0.7925, 0.7838, 0.7747, 0.7655, 0.7564, 0.7475, 0.7387, 0.73, 0.7213, 0.7124, 0.7033, 0.6941, 0.6849, 0.6757, 0.6665, 0.6575, 0.6484, 0.6391, 0.6295, 0.6194, 0.6088, 0.5977, 0.5865, 0.5754, 0.5648, 0.5549, 0.5459, 0.5379, 0.5307, 0.5245, 0.5192, 0.5148]",V,1.5009831567151233,0.534,2.898,2.898,0.96875,1.4860166328280155,1.7326941388804444,4.657536246655025,4.657536246655025,0.940153682480671
74,V2612Oph,"[0.7348, 0.731, 0.7273, 0.7241, 0.7213, 0.7188, 0.7164, 0.714, 0.7115, 0.7089, 0.7063, 0.7041, 0.7022, 0.701, 0.7006, 0.7006, 0.701, 0.7014, 0.7016, 0.7015, 0.7012, 0.701, 0.7012, 0.702, 0.7037, 0.7061, 0.7091, 0.7124, 0.7159, 0.7194, 0.7228, 0.7259, 0.7288, 0.7313, 0.7335, 0.7354, 0.7373, 0.7395, 0.7423, 0.7461, 0.7509, 0.7567, 0.7632, 0.7704, 0.778, 0.7857, 0.7936, 0.8013, 0.8086, 0.8155, 0.8217, 0.8273, 0.8324, 0.8372, 0.8418, 0.8462, 0.8507, 0.8551, 0.8594, 0.8638, 0.8681, 0.8725, 0.8768, 0.8811, 0.8854, 0.8897, 0.8939, 0.8982, 0.9025, 0.9068, 0.9111, 0.9155, 0.9197, 0.9238, 0.9276, 0.9311, 0.9342, 0.937, 0.9395, 0.9418, 0.944, 0.9462, 0.9486, 0.9511, 0.9538, 0.9569, 0.9604, 0.9641, 0.9679, 0.9715, 0.9746, 0.977, 0.9785, 0.9794, 0.9801, 0.9808, 0.982, 0.9839, 0.9862, 0.9888, 0.9912, 0.9933, 0.9948, 0.9957, 0.9962, 0.9965, 0.9968, 0.9971, 0.9976, 0.9981, 0.9987, 0.9992, 0.9996, 0.9998, 1.0, 1.0, 1.0, 0.9999, 0.9999, 0.9997, 0.9996, 0.9993, 0.9989, 0.9984, 0.9977, 0.9969, 0.996, 0.9948, 0.9936, 0.9922, 0.9906, 0.9889, 0.9871, 0.9852, 0.9831, 0.981, 0.9789, 0.9768, 0.9748, 0.9729, 0.971, 0.969, 0.967, 0.9648, 0.9624, 0.9599, 0.9572, 0.9544, 0.9514, 0.9483, 0.9451, 0.942, 0.9389, 0.9362, 0.9337, 0.9314, 0.9292, 0.9269, 0.9244, 0.9214, 0.9181, 0.9145, 0.9107, 0.9069, 0.9031, 0.8995, 0.896, 0.8925, 0.889, 0.8856, 0.8821, 0.8786, 0.875, 0.8715, 0.868, 0.8644, 0.8608, 0.8572, 0.8535, 0.8496, 0.8456, 0.8414, 0.837, 0.8324, 0.8277, 0.8227, 0.8176, 0.8125, 0.8075, 0.8026, 0.7979, 0.7935, 0.7893, 0.7851, 0.781, 0.7767, 0.7722, 0.7677, 0.763, 0.7584, 0.7538, 0.7493, 0.7449, 0.7408, 0.7369, 0.7333, 0.73, 0.727, 0.7243, 0.7219, 0.7196, 0.7175, 0.7155, 0.7138, 0.7125, 0.7116, 0.7112, 0.7114, 0.7119, 0.7128, 0.7138, 0.7149, 0.716, 0.717, 0.7181, 0.7192, 0.7203, 0.7216, 0.723, 0.7248, 0.727, 0.7297, 0.7331, 0.7371, 0.7415, 0.7462, 0.7511, 0.7559, 0.7607, 0.7653, 0.7699, 0.7742, 0.7785, 0.7826, 0.7867, 0.7908, 0.7952, 0.7999, 0.805, 0.8101, 0.8153, 0.8201, 0.8244, 0.8281, 0.8313, 0.8342, 0.837, 0.84, 0.8432, 0.8468, 0.8508, 0.8551, 0.8597, 0.8646, 0.8697, 0.8747, 0.8794, 0.8838, 0.8874, 0.8904, 0.8928, 0.895, 0.897, 0.899, 0.9012, 0.9035, 0.906, 0.9085, 0.9109, 0.9133, 0.9156, 0.9179, 0.9202, 0.9224, 0.9246, 0.9269, 0.9292, 0.9314, 0.9337, 0.9361, 0.9384, 0.9408, 0.943, 0.9452, 0.9472, 0.9491, 0.9508, 0.9525, 0.9542, 0.9558, 0.9575, 0.9592, 0.9608, 0.9623, 0.9636, 0.9647, 0.9657, 0.9665, 0.9674, 0.9683, 0.9693, 0.9703, 0.9713, 0.9721, 0.9728, 0.9732, 0.9734, 0.9733, 0.9732, 0.9731, 0.973, 0.9729, 0.9729, 0.9727, 0.9723, 0.9717, 0.9706, 0.9693, 0.9677, 0.966, 0.9641, 0.9622, 0.9602, 0.958, 0.9558, 0.9535, 0.9509, 0.9483, 0.9458, 0.9433, 0.941, 0.9391, 0.9374, 0.9358, 0.9344, 0.9328, 0.9311, 0.9291, 0.9269, 0.9246, 0.9221, 0.9195, 0.9168, 0.9141, 0.9112, 0.9083, 0.9052, 0.902, 0.8987, 0.8953, 0.8919, 0.8883, 0.8847, 0.881, 0.8773, 0.8738, 0.8704, 0.8672, 0.8642, 0.8612, 0.8582, 0.855, 0.8515, 0.8477, 0.8437, 0.8395, 0.8353, 0.8311, 0.8269, 0.8229, 0.8189, 0.815, 0.8112, 0.8075, 0.8037, 0.7997, 0.7954, 0.7905, 0.785, 0.7791, 0.7731, 0.7673, 0.762, 0.7577, 0.7541, 0.7511, 0.7484, 0.7456, 0.7425, 0.7389]",V,1.1623892818282233,0.286,2.396,2.396,0.9952229299363057,0.9270883991539131,1.1749534901255372,3.6840130012407997,3.6840130012407997,0.9273893290522707
78,V2790Ori,"[0.5798, 0.5799, 0.58, 0.5802, 0.5804, 0.5807, 0.581, 0.5813, 0.5817, 0.5822, 0.5829, 0.5839, 0.5854, 0.5874, 0.5901, 0.5935, 0.5977, 0.6028, 0.6088, 0.6158, 0.6237, 0.6322, 0.6413, 0.6507, 0.6603, 0.67, 0.6795, 0.6889, 0.6979, 0.7065, 0.7147, 0.7226, 0.7303, 0.7379, 0.7456, 0.7534, 0.7612, 0.7691, 0.777, 0.7848, 0.7926, 0.8002, 0.8076, 0.8148, 0.8218, 0.8286, 0.835, 0.8412, 0.8471, 0.8526, 0.8578, 0.8628, 0.8675, 0.872, 0.8764, 0.8807, 0.885, 0.8892, 0.8932, 0.8971, 0.9007, 0.9041, 0.9073, 0.9104, 0.9134, 0.9164, 0.9195, 0.9225, 0.9256, 0.9286, 0.9316, 0.9346, 0.9376, 0.9405, 0.9434, 0.9461, 0.9488, 0.9513, 0.9538, 0.9562, 0.9585, 0.9606, 0.9627, 0.9647, 0.9665, 0.9683, 0.97, 0.9715, 0.9731, 0.9746, 0.9762, 0.9778, 0.9795, 0.9812, 0.9827, 0.9841, 0.9851, 0.9858, 0.9861, 0.9862, 0.9862, 0.9861, 0.9862, 0.9862, 0.9863, 0.9863, 0.9863, 0.986, 0.9856, 0.9851, 0.9844, 0.9835, 0.9826, 0.9815, 0.9803, 0.979, 0.9776, 0.976, 0.9744, 0.9727, 0.9708, 0.9689, 0.9668, 0.9646, 0.9624, 0.9601, 0.9579, 0.9557, 0.9536, 0.9515, 0.9493, 0.9468, 0.944, 0.9406, 0.9368, 0.9328, 0.9287, 0.9248, 0.9212, 0.9181, 0.9152, 0.9124, 0.9096, 0.9066, 0.9033, 0.8997, 0.896, 0.892, 0.8878, 0.8835, 0.8791, 0.8744, 0.8697, 0.8648, 0.8597, 0.8545, 0.8493, 0.8441, 0.8392, 0.8345, 0.8298, 0.825, 0.8198, 0.8138, 0.8068, 0.7988, 0.7901, 0.7813, 0.7727, 0.7648, 0.7577, 0.7511, 0.7446, 0.7378, 0.7303, 0.7219, 0.7127, 0.7031, 0.6933, 0.6838, 0.6748, 0.6662, 0.6579, 0.6499, 0.6418, 0.6337, 0.6256, 0.6178, 0.6106, 0.6043, 0.5994, 0.5957, 0.593, 0.591, 0.5895, 0.5879, 0.5863, 0.5846, 0.5832, 0.582, 0.5815, 0.5815, 0.5821, 0.583, 0.5841, 0.5853, 0.5864, 0.5873, 0.5882, 0.5891, 0.59, 0.5909, 0.5922, 0.5942, 0.5971, 0.6015, 0.6076, 0.6154, 0.6244, 0.6341, 0.6439, 0.6535, 0.6623, 0.6707, 0.6787, 0.6867, 0.6947, 0.7031, 0.7118, 0.7206, 0.7295, 0.7384, 0.7472, 0.7559, 0.7644, 0.7727, 0.7807, 0.7884, 0.7957, 0.8028, 0.8096, 0.8162, 0.8227, 0.829, 0.8352, 0.8412, 0.847, 0.8526, 0.858, 0.8633, 0.8683, 0.8733, 0.878, 0.8827, 0.8872, 0.8915, 0.8957, 0.8997, 0.9035, 0.9072, 0.9108, 0.9143, 0.9178, 0.9213, 0.9248, 0.9284, 0.9319, 0.9355, 0.9391, 0.9427, 0.9463, 0.9498, 0.9532, 0.9565, 0.9595, 0.9625, 0.9653, 0.9682, 0.971, 0.9739, 0.9768, 0.9795, 0.9821, 0.9844, 0.9863, 0.9879, 0.9893, 0.9905, 0.9917, 0.9929, 0.9942, 0.9955, 0.9967, 0.9978, 0.9986, 0.9992, 0.9996, 0.9998, 1.0, 1.0, 1.0, 0.9999, 0.9998, 0.9998, 0.9997, 0.9997, 0.9996, 0.9994, 0.999, 0.9983, 0.9973, 0.996, 0.9945, 0.9928, 0.9911, 0.9895, 0.9879, 0.9863, 0.9845, 0.9826, 0.9804, 0.9779, 0.9752, 0.9723, 0.9694, 0.9665, 0.9635, 0.9607, 0.9578, 0.9549, 0.9519, 0.949, 0.9459, 0.9428, 0.9395, 0.9362, 0.9328, 0.9292, 0.9255, 0.9218, 0.9181, 0.9143, 0.9105, 0.9068, 0.9032, 0.8998, 0.8966, 0.8936, 0.8905, 0.8869, 0.8827, 0.8776, 0.8716, 0.8649, 0.8582, 0.852, 0.8466, 0.8425, 0.8391, 0.8357, 0.8315, 0.8259, 0.8183, 0.809, 0.7986, 0.7879, 0.7774, 0.7678, 0.7592, 0.7512, 0.7434, 0.7353, 0.7266, 0.7171, 0.7072, 0.6972, 0.6874, 0.6782, 0.6698, 0.6618, 0.6541, 0.6464, 0.6385, 0.6301, 0.6216, 0.6134, 0.6059, 0.5994, 0.5943, 0.5906, 0.5879, 0.5859, 0.5845, 0.5834, 0.5824, 0.5815, 0.5808, 0.5803, 0.58, 0.5798]",V,1.4852751934471744,2.932,6.397,6.397,0.9637978142076503,1.5546769713408066,2.5,5.854166666666666,5.854166666666666,1.0
81,V396Mon,"[0.5401, 0.5405, 0.541, 0.5414, 0.5419, 0.5425, 0.5433, 0.5444, 0.5459, 0.5479, 0.5503, 0.553, 0.5561, 0.5593, 0.563, 0.5676, 0.574, 0.5826, 0.5943, 0.6093, 0.6264, 0.644, 0.6605, 0.6743, 0.684, 0.69, 0.6934, 0.6952, 0.6968, 0.699, 0.7025, 0.7072, 0.7134, 0.721, 0.7301, 0.7406, 0.7519, 0.7634, 0.7745, 0.7848, 0.7938, 0.8018, 0.809, 0.8157, 0.8221, 0.8284, 0.8345, 0.8405, 0.8461, 0.8513, 0.8561, 0.8604, 0.8644, 0.8682, 0.8719, 0.8758, 0.8797, 0.8836, 0.8876, 0.8916, 0.8956, 0.8996, 0.9035, 0.9073, 0.9111, 0.9148, 0.9184, 0.9219, 0.9253, 0.9285, 0.9316, 0.9346, 0.9375, 0.9402, 0.943, 0.9458, 0.9486, 0.9514, 0.9542, 0.9571, 0.9599, 0.9626, 0.9653, 0.9679, 0.9705, 0.9729, 0.9752, 0.9775, 0.9798, 0.9822, 0.9847, 0.9873, 0.9902, 0.993, 0.9956, 0.9977, 0.9992, 0.9999, 1.0, 0.9996, 0.999, 0.9984, 0.9979, 0.9976, 0.9974, 0.9974, 0.9973, 0.9972, 0.9969, 0.9965, 0.9959, 0.995, 0.9938, 0.9922, 0.9904, 0.9884, 0.9864, 0.9845, 0.9827, 0.981, 0.9793, 0.9775, 0.9755, 0.9732, 0.9708, 0.9681, 0.9653, 0.9622, 0.959, 0.9557, 0.9523, 0.9488, 0.9453, 0.9418, 0.9384, 0.9349, 0.9314, 0.9279, 0.9242, 0.9205, 0.9168, 0.913, 0.9092, 0.9055, 0.9018, 0.898, 0.8941, 0.89, 0.8856, 0.8808, 0.8757, 0.8703, 0.8649, 0.8595, 0.8541, 0.8487, 0.8433, 0.8376, 0.8315, 0.825, 0.8182, 0.8112, 0.8044, 0.798, 0.7922, 0.7871, 0.7823, 0.7775, 0.7723, 0.7664, 0.7597, 0.7521, 0.744, 0.7355, 0.7268, 0.7181, 0.7093, 0.7005, 0.6917, 0.6827, 0.6737, 0.6647, 0.6555, 0.6462, 0.6368, 0.6273, 0.6178, 0.6087, 0.6002, 0.5929, 0.5868, 0.5822, 0.5789, 0.5767, 0.5754, 0.5748, 0.5746, 0.5748, 0.5751, 0.5754, 0.5754, 0.5751, 0.5747, 0.5745, 0.5747, 0.5757, 0.5777, 0.5803, 0.5834, 0.5863, 0.5887, 0.5901, 0.591, 0.5923, 0.5948, 0.5995, 0.6073, 0.6182, 0.6312, 0.6451, 0.6586, 0.6707, 0.6807, 0.6891, 0.6965, 0.7035, 0.7109, 0.719, 0.7278, 0.7369, 0.746, 0.7549, 0.7633, 0.7712, 0.7784, 0.7852, 0.7914, 0.7971, 0.8024, 0.8074, 0.8122, 0.8169, 0.8216, 0.8263, 0.8311, 0.8361, 0.8414, 0.8468, 0.8525, 0.8583, 0.8641, 0.8695, 0.8745, 0.8789, 0.8829, 0.8865, 0.89, 0.8934, 0.897, 0.9007, 0.9045, 0.9081, 0.9116, 0.9149, 0.918, 0.921, 0.9238, 0.9266, 0.9295, 0.9325, 0.9354, 0.9384, 0.9414, 0.9443, 0.9471, 0.9499, 0.9527, 0.9554, 0.9583, 0.9612, 0.9641, 0.9669, 0.9697, 0.9721, 0.9743, 0.9762, 0.9777, 0.979, 0.98, 0.9807, 0.9811, 0.9815, 0.9818, 0.9821, 0.9825, 0.983, 0.9836, 0.984, 0.9843, 0.9843, 0.9839, 0.9832, 0.9822, 0.9812, 0.9801, 0.979, 0.9779, 0.9769, 0.9759, 0.9749, 0.974, 0.973, 0.9719, 0.9706, 0.969, 0.967, 0.9647, 0.9622, 0.9595, 0.9568, 0.9542, 0.9517, 0.9492, 0.9467, 0.9443, 0.9417, 0.9391, 0.9365, 0.9337, 0.9309, 0.9281, 0.9252, 0.9223, 0.9192, 0.916, 0.9127, 0.9092, 0.9054, 0.9013, 0.8969, 0.8922, 0.8871, 0.8816, 0.876, 0.8703, 0.8648, 0.8595, 0.8546, 0.8499, 0.8452, 0.8406, 0.8359, 0.831, 0.826, 0.821, 0.8162, 0.8115, 0.8071, 0.8027, 0.7981, 0.7929, 0.7869, 0.7799, 0.7719, 0.7633, 0.7541, 0.7447, 0.7353, 0.7261, 0.7171, 0.7085, 0.7003, 0.6927, 0.6854, 0.6783, 0.671, 0.663, 0.654, 0.6439, 0.6332, 0.6224, 0.6118, 0.6021, 0.5936, 0.5862, 0.5798, 0.5741, 0.5689, 0.5642, 0.5598, 0.5557, 0.5521, 0.5489, 0.5461, 0.5438, 0.5419, 0.5405, 0.5397, 0.5393, 0.5394]",V,1.4510667401080857,0.39,2.647,2.647,0.9533011272141707,1.4742711604759042,2.5,5.854166666666665,5.854166666666665,0.9565217391304348
83,YZPho,"[0.5362, 0.536, 0.5356, 0.5352, 0.5348, 0.5346, 0.535, 0.5362, 0.5385, 0.5418, 0.5461, 0.5513, 0.5572, 0.5637, 0.5707, 0.5781, 0.586, 0.5943, 0.603, 0.6121, 0.6213, 0.6306, 0.6395, 0.6478, 0.6555, 0.6627, 0.6701, 0.6781, 0.6873, 0.6982, 0.7105, 0.7235, 0.7366, 0.749, 0.7601, 0.7695, 0.7777, 0.7851, 0.7923, 0.7996, 0.8074, 0.8154, 0.8233, 0.8309, 0.8379, 0.8442, 0.8497, 0.8548, 0.8594, 0.8639, 0.8683, 0.8727, 0.877, 0.881, 0.8848, 0.8883, 0.8915, 0.8945, 0.8972, 0.8999, 0.9025, 0.905, 0.9076, 0.91, 0.9124, 0.9147, 0.917, 0.9191, 0.9213, 0.9235, 0.9257, 0.9281, 0.9306, 0.9332, 0.936, 0.9388, 0.9418, 0.9448, 0.9477, 0.9506, 0.9532, 0.9555, 0.9576, 0.9595, 0.9613, 0.963, 0.9649, 0.9669, 0.9688, 0.9706, 0.9722, 0.9735, 0.9744, 0.975, 0.9754, 0.9757, 0.9761, 0.9765, 0.977, 0.9775, 0.9779, 0.9781, 0.9781, 0.9779, 0.9775, 0.977, 0.9765, 0.976, 0.9755, 0.975, 0.9744, 0.9737, 0.9728, 0.9716, 0.9703, 0.9688, 0.9672, 0.9656, 0.9638, 0.9619, 0.9599, 0.9576, 0.955, 0.9521, 0.949, 0.9457, 0.9423, 0.9389, 0.9357, 0.9326, 0.9296, 0.9268, 0.9242, 0.9218, 0.9195, 0.9172, 0.9148, 0.9121, 0.9089, 0.9054, 0.9014, 0.8973, 0.8929, 0.8885, 0.8841, 0.8796, 0.8751, 0.8706, 0.866, 0.8614, 0.857, 0.8528, 0.8493, 0.8464, 0.8445, 0.8431, 0.8416, 0.8393, 0.8356, 0.8299, 0.8223, 0.8137, 0.8048, 0.7964, 0.7893, 0.7835, 0.7788, 0.7745, 0.77, 0.765, 0.759, 0.7521, 0.7445, 0.7364, 0.728, 0.7193, 0.7105, 0.7016, 0.6926, 0.6835, 0.6744, 0.6653, 0.6561, 0.6469, 0.6377, 0.6285, 0.6195, 0.611, 0.6031, 0.5964, 0.5909, 0.5868, 0.5838, 0.5814, 0.5793, 0.5772, 0.5749, 0.5725, 0.5704, 0.5687, 0.5677, 0.5675, 0.5682, 0.5697, 0.5718, 0.5747, 0.5781, 0.582, 0.5864, 0.5913, 0.5966, 0.6023, 0.6083, 0.6145, 0.621, 0.6275, 0.634, 0.6406, 0.6476, 0.655, 0.6633, 0.6726, 0.6829, 0.6936, 0.7043, 0.7141, 0.7226, 0.7294, 0.7349, 0.7398, 0.7448, 0.7505, 0.7577, 0.766, 0.7749, 0.7838, 0.7922, 0.7995, 0.8057, 0.811, 0.8158, 0.8204, 0.825, 0.8299, 0.835, 0.8402, 0.8456, 0.8511, 0.8566, 0.8622, 0.8678, 0.8734, 0.8789, 0.8844, 0.8897, 0.8947, 0.8993, 0.9033, 0.9067, 0.9095, 0.9119, 0.9141, 0.9164, 0.9188, 0.9214, 0.9243, 0.9272, 0.9303, 0.9335, 0.9366, 0.9398, 0.9428, 0.9458, 0.9486, 0.9513, 0.9538, 0.9563, 0.9586, 0.961, 0.9634, 0.9657, 0.9681, 0.9704, 0.9726, 0.9746, 0.9767, 0.9786, 0.9806, 0.9827, 0.9849, 0.9871, 0.9893, 0.9913, 0.993, 0.9943, 0.9953, 0.9959, 0.9964, 0.9968, 0.9973, 0.998, 0.9988, 0.9994, 0.9999, 1.0, 0.9997, 0.9991, 0.9982, 0.9973, 0.9964, 0.9955, 0.9948, 0.994, 0.993, 0.9917, 0.9901, 0.9881, 0.9858, 0.9834, 0.9809, 0.9784, 0.976, 0.9736, 0.9712, 0.9687, 0.9663, 0.9637, 0.961, 0.9583, 0.9556, 0.9528, 0.95, 0.9472, 0.9445, 0.9418, 0.9393, 0.9369, 0.9345, 0.932, 0.9293, 0.9262, 0.9226, 0.9185, 0.914, 0.9091, 0.904, 0.8987, 0.8933, 0.888, 0.8827, 0.8776, 0.8727, 0.868, 0.8633, 0.8582, 0.8524, 0.8457, 0.8378, 0.8288, 0.8189, 0.8083, 0.7971, 0.7857, 0.7742, 0.7629, 0.7522, 0.7424, 0.7338, 0.7263, 0.7196, 0.7135, 0.7075, 0.7013, 0.6946, 0.6872, 0.6786, 0.6684, 0.6565, 0.6428, 0.628, 0.613, 0.5988, 0.5862, 0.5758, 0.5674, 0.5608, 0.5555, 0.5512, 0.5474, 0.5442, 0.5414, 0.5392, 0.5375, 0.5365, 0.5359, 0.5357, 0.5358, 0.536, 0.5362, 0.5363]",V,1.4538592669112764,2.635,6.06,6.06,0.9494702526487367,1.498379894331153,2.500000000000001,5.854166666666666,5.854166666666666,0.9359874320607726
